date,close,ma50,ma200,distance50,distance200
2025-01-09,2521.9,2481.86,2638.4,101.61,95.58
2025-01-10,2515.78,2479.82,2637.64,101.45,95.38
2025-01-13,2489.56,2477.74,2636.66,100.48,94.42
2025-01-14,2497.4,2476.56,2635.87,100.84,94.75
2025-01-15,2496.81,2475.65,2634.9,100.85,94.76
2025-01-16,2527.49,2474.42,2633.77,102.14,95.96
2025-01-17,2523.55,2473.36,2632.64,102.03,95.86
2025-01-20,2520.05,2472.49,2631.55,101.92,95.76
2025-01-21,2518.03,2471.56,2630.36,101.88,95.73
2025-01-22,2547.06,2471.27,2629.32,103.07,96.87
2025-01-23,2515.49,2470.95,2628.17,101.8,95.71
2025-01-24,2536.8,2472.03,2627.12,102.62,96.56
2025-01-31,2517.37,2474.04,2625.96,101.75,95.86
2025-02-03,2453.95,2474.74,2624.47,99.16,93.5
2025-02-04,2481.69,2476.04,2623.34,100.23,94.6
2025-02-05,2509.27,2476.84,2622.18,101.31,95.69
2025-02-06,2536.75,2478.14,2621.29,102.37,96.77
2025-02-07,2521.92,2478.93,2620.31,101.73,96.25
2025-02-10,2521.27,2479.74,2619.39,101.67,96.25
2025-02-11,2539.05,2480.5,2618.55,102.36,96.96
2025-02-12,2548.39,2480.78,2617.89,102.73,97.35
2025-02-13,2583.17,2482.04,2617.45,104.07,98.69
2025-02-14,2591.05,2483.8,2617.36,104.32,98.99
2025-02-17,2610.42,2485.91,2617.49,105.01,99.73
2025-02-18,2626.81,2489.33,2617.45,105.52,100.36
2025-02-19,2671.52,2493.67,2617.85,107.13,102.05
2025-02-20,2654.06,2496.75,2617.97,106.3,101.38
2025-02-21,2654.58,2500.56,2618.13,106.16,101.39
2025-02-24,2645.27,2504.63,2617.98,105.62,101.04
2025-02-25,2630.29,2508.67,2617.98,104.85,100.47
2025-02-26,2641.09,2514.28,2617.91,105.04,100.89
2025-02-27,2621.75,2518.36,2617.58,104.11,100.16
2025-02-28,2532.78,2520.17,2616.78,100.5,96.79
2025-03-04,2528.92,2521.1,2616.01,100.31,96.67
2025-03-05,2558.13,2522.38,2615.42,101.42,97.81
2025-03-06,2576.16,2524.12,2614.63,102.06,98.53
2025-03-07,2563.48,2526.25,2613.72,101.47,98.08
2025-03-10,2570.39,2527.97,2613.01,101.68,98.37
2025-03-11,2537.6,2530.01,2612.06,100.3,97.15
2025-03-12,2574.82,2533.42,2611.3,101.63,98.6
2025-03-13,2573.64,2536.05,2610.51,101.48,98.59
2025-03-14,2566.36,2538.57,2609.58,101.09,98.34
2025-03-17,2610.69,2542.19,2609.01,102.69,100.06
2025-03-18,2612.34,2546.34,2608.36,102.59,100.15
2025-03-19,2628.62,2550.92,2607.88,103.05,100.8
2025-03-20,2637.1,2555.69,2607.45,103.19,101.14
2025-03-21,2643.13,2559.71,2607.06,103.26,101.38
2025-03-24,2632.07,2562.58,2606.78,102.71,100.97
2025-03-25,2615.81,2565.05,2606.24,101.98,100.37
2025-03-26,2643.94,2567.51,2605.85,102.98,101.46
2025-03-27,2607.15,2569.22,2605.5,101.48,100.06
2025-03-28,2557.98,2570.06,2605.11,99.53,98.19
2025-03-31,2481.12,2569.89,2604.34,96.55,95.27
2025-04-01,2521.39,2570.37,2603.53,98.09,96.85
2025-04-02,2505.86,2570.55,2602.75,97.48,96.28
2025-04-03,2486.7,2569.74,2601.73,96.77,95.58
2025-04-04,2465.42,2568.57,2600.45,95.98,94.81
2025-04-07,2328.2,2564.74,2598.58,90.78,89.6
2025-04-08,2334.23,2561.06,2596.73,91.14,89.89
2025-04-09,2293.7,2555.99,2594.56,89.74,88.4
2025-04-10,2445.06,2554.59,2593.01,95.71,94.29
2025-04-11,2432.72,2552.5,2591.38,95.31,93.88
2025-04-14,2455.89,2551.27,2589.94,96.26,94.82
2025-04-15,2477.41,2551.74,2588.5,97.09,95.71
2025-04-16,2447.43,2551.06,2586.75,95.94,94.61
2025-04-17,2470.41,2550.28,2585.07,96.87,95.56
2025-04-18,2483.42,2549.21,2583.56,97.42,96.12
2025-04-21,2488.42,2548.54,2582.18,97.64,96.37
2025-04-22,2486.64,2547.85,2580.74,97.6,96.35
2025-04-23,2525.56,2547.58,2579.41,99.14,97.91
2025-04-24,2522.33,2547.06,2578.1,99.03,97.84
2025-04-25,2546.3,2546.32,2576.85,100.0,98.81
2025-04-28,2548.86,2545.48,2575.57,100.13,98.96
2025-04-29,2565.42,2544.58,2574.49,100.82,99.65
2025-04-30,2556.61,2543.18,2573.3,100.53,99.35
2025-05-02,2559.79,2540.94,2571.98,100.74,99.53
2025-05-07,2573.8,2539.34,2570.54,101.36,100.13
2025-05-08,2579.48,2537.83,2569.14,101.64,100.4
2025-05-09,2577.27,2536.47,2567.69,101.61,100.37
2025-05-12,2607.33,2536.01,2566.39,102.81,101.6
2025-05-13,2608.42,2535.36,2564.98,102.88,101.69
2025-05-14,2640.57,2535.74,2563.89,104.13,102.99
2025-05-15,2621.36,2537.51,2562.7,103.3,102.29
2025-05-16,2626.87,2539.47,2561.5,103.44,102.55
2025-05-19,2603.42,2540.37,2560.3,102.48,101.68
2025-05-20,2601.8,2540.89,2559.19,102.4,101.66
2025-05-21,2625.58,2542.13,2558.34,103.28,102.63
2025-05-22,2593.67,2542.59,2557.49,102.01,101.41
2025-05-23,2592.09,2543.68,2556.58,101.9,101.39
2025-05-26,2644.4,2545.08,2556.01,103.9,103.46
2025-05-27,2637.22,2546.35,2555.64,103.57,103.19
2025-05-28,2670.15,2548.42,2555.33,104.78,104.49
2025-05-29,2720.64,2550.62,2555.11,106.67,106.48
2025-05-30,2697.67,2552.33,2554.9,105.69,105.59
2025-06-02,2698.97,2553.74,2554.55,105.69,105.65
2025-06-04,2770.84,2556.41,2554.51,108.39,108.47
2025-06-05,2812.05,2559.79,2555.19,109.85,110.05
2025-06-09,2855.77,2564.26,2557.26,111.37,111.67
2025-06-10,2871.85,2569.38,2559.01,111.77,112.23
2025-06-11,2907.04,2574.65,2560.7,112.91,113.53
2025-06-12,2920.03,2580.9,2562.52,113.14,113.95
2025-06-13,2894.62,2587.64,2564.05,111.86,112.89
2025-06-16,2946.66,2596.95,2565.69,113.47,114.85
2025-06-17,2950.3,2605.52,2567.34,113.23,114.92
2025-06-18,2972.19,2614.85,2568.97,113.67,115.7
2025-06-19,2977.74,2624.67,2570.38,113.45,115.85
2025-06-20,3021.84,2635.8,2572.11,114.65,117.48
2025-06-23,3014.47,2649.53,2573.7,113.77,117.13
2025-06-24,3103.64,2664.91,2575.72,116.46,120.5
2025-06-25,3108.25,2681.21,2577.72,115.93,120.58
2025-06-26,3079.56,2693.9,2579.61,114.32,119.38
2025-06-27,3055.94,2706.36,2581.4,112.92,118.38
2025-06-30,3071.7,2718.68,2583.31,112.98,118.91
2025-07-01,3089.65,2730.92,2585.31,113.14,119.51
2025-07-02,3075.06,2743.47,2587.37,112.09,118.85
2025-07-03,3116.27,2756.39,2589.58,113.06,120.34
2025-07-04,3054.28,2767.81,2591.45,110.35,117.86
2025-07-07,3059.47,2779.23,2593.42,110.08,117.97
2025-07-08,3114.95,2791.8,2596.09,111.57,119.99
2025-07-09,3133.74,2803.96,2598.89,111.76,120.58
2025-07-10,3183.23,2817.18,2602.08,112.99,122.33
2025-07-11,3175.77,2829.77,2605.28,112.23,121.9
2025-07-14,3202.03,2842.83,2608.67,112.64,122.75
2025-07-15,3215.28,2855.83,2612.18,112.59,123.09
2025-07-16,3186.38,2868.42,2615.25,111.08,121.84
2025-07-17,3192.29,2881.07,2618.34,110.8,121.92
2025-07-18,3188.07,2893.36,2621.37,110.19,121.62
2025-07-21,3210.81,2905.98,2624.46,110.49,122.34
2025-07-22,3169.94,2917.84,2627.3,108.64,120.65
2025-07-23,3183.77,2929.37,2630.06,108.68,121.05
2025-07-24,3190.45,2941.01,2633.03,108.48,121.17
2025-07-25,3196.05,2952.12,2635.66,108.26,121.26
2025-07-28,3209.52,2963.88,2638.45,108.29,121.64
2025-07-29,3230.57,2975.95,2641.64,108.56,122.29
2025-07-30,3254.47,2988.97,2645.1,108.88,123.04
2025-07-31,3245.44,3001.85,2648.48,108.11,122.54
2025-08-01,3119.41,3011.72,2651.03,103.58,117.67
2025-08-04,3147.75,3022.81,2653.79,104.13,118.61
2025-08-05,3198.0,3034.92,2656.79,105.37,120.37
2025-08-06,3198.14,3046.0,2659.8,104.99,120.24
2025-08-07,3227.68,3057.81,2662.82,105.56,121.21
2025-08-08,3210.01,3068.6,2665.7,104.61,120.42
2025-08-11,3206.77,3078.33,2668.68,104.17,120.16
2025-08-12,3189.91,3088.17,2671.59,103.29,119.4
2025-08-13,3224.37,3098.68,2674.74,104.06,120.55
2025-08-14,3225.66,3107.78,2677.84,103.79,120.46
2025-08-18,3177.28,3115.08,2680.87,102.0,118.52
2025-08-19,3151.56,3121.0,2683.63,100.98,117.44
2025-08-20,3130.09,3126.16,2686.38,100.13,116.52
2025-08-21,3141.74,3130.86,2689.17,100.35,116.83
2025-08-22,3168.73,3135.83,2691.95,101.05,117.71
2025-08-25,3209.86,3142.13,2694.91,102.16,119.11
2025-08-26,3179.36,3146.79,2697.84,101.04,117.85
2025-08-27,3187.16,3151.53,2701.0,101.13,118.0
2025-08-28,3196.32,3156.01,2704.27,101.28,118.2
2025-08-29,3186.01,3160.17,2707.25,100.82,117.68
2025-09-01,3142.93,3162.6,2710.08,99.38,115.97
2025-09-02,3172.35,3165.75,2713.13,100.21,116.93
2025-09-03,3184.42,3167.37,2716.22,100.54,117.24
2025-09-04,3200.83,3169.22,2719.42,101.0,117.7
2025-09-05,3205.12,3171.73,2722.79,101.05,117.71
2025-09-08,3219.59,3175.0,2726.48,101.4,118.09
2025-09-09,3260.05,3178.77,2730.69,102.56,119.39
2025-09-10,3314.53,3183.27,2735.17,104.12,121.18
2025-09-11,3344.2,3188.65,2739.81,104.88,122.06
2025-09-12,3395.54,3194.24,2744.44,106.3,123.72
2025-09-15,3407.31,3201.3,2749.11,106.44,123.94
2025-09-16,3449.62,3209.1,2753.95,107.49,125.26
2025-09-17,3413.4,3215.07,2758.62,106.17,123.74
2025-09-18,3461.3,3221.62,2763.42,107.44,125.25
2025-09-19,3445.24,3226.86,2767.97,106.77,124.47
2025-09-22,3468.65,3232.72,2772.71,107.3,125.1
2025-09-23,3486.19,3238.4,2777.63,107.65,125.51
2025-09-24,3472.14,3243.54,2782.46,107.05,124.79
2025-09-25,3471.11,3249.23,2787.54,106.83,124.52
2025-09-26,3386.05,3253.11,2792.2,104.09,121.27
2025-09-29,3431.21,3257.97,2796.85,105.32,122.68
2025-09-30,3424.6,3262.25,2801.66,104.98,122.23
2025-10-01,3455.83,3267.97,2806.73,105.75,123.13
2025-10-02,3549.21,3275.27,2812.33,108.36,126.2
2025-10-10,3610.6,3283.68,2818.58,109.96,128.1
2025-10-13,3584.55,3291.45,2824.42,108.9,126.91
2025-10-14,3561.81,3298.49,2830.01,107.98,125.86
2025-10-15,3657.28,3307.03,2835.89,110.59,128.96
2025-10-16,3748.37,3316.91,2842.16,113.01,131.88
2025-10-17,3748.89,3326.97,2848.46,112.68,131.61
2025-10-20,3814.69,3340.88,2855.25,114.18,133.6
2025-10-21,3823.84,3354.4,2861.94,113.99,133.61
2025-10-22,3883.68,3368.12,2869.18,115.31,135.36
2025-10-23,3845.56,3381.06,2876.39,113.74,133.69
2025-10-24,3941.59,3395.34,2883.89,116.09,136.68
2025-10-27,4042.83,3412.0,2891.9,118.49,139.8
2025-10-28,4010.41,3428.07,2899.8,116.99,138.3
2025-10-29,4081.15,3445.9,2908.18,118.43,140.33
2025-10-30,4086.89,3463.15,2916.62,118.01,140.12
2025-10-31,4107.5,3480.78,2925.16,118.01,140.42
2025-11-03,4221.87,3501.68,2934.06,120.57,143.89
2025-11-04,4121.74,3521.08,2942.23,117.06,140.09
2025-11-05,4004.42,3538.57,2949.79,113.16,135.75
2025-11-06,4026.45,3556.26,2957.32,113.22,136.15
2025-11-07,3953.76,3571.96,2964.48,110.69,133.37
2025-11-10,4073.24,3589.23,2972.26,113.49,137.04
2025-11-11,4106.39,3607.77,2980.35,113.82,137.78
2025-11-12,4150.39,3627.03,2988.61,114.43,138.87
2025-11-13,4170.63,3646.52,2996.98,114.37,139.16
2025-11-14,4011.57,3663.03,3004.4,109.52,133.52
2025-11-17,4089.25,3681.96,3012.23,111.06,135.75
2025-11-18,3953.62,3697.58,3019.4,106.92,130.94
2025-11-19,3929.51,3712.48,3026.46,105.85,129.84
2025-11-20,4004.85,3728.56,3033.75,107.41,132.01
2025-11-21,3853.26,3741.53,3040.43,102.99,126.73
2025-11-24,3846.06,3754.06,3046.98,102.45,126.23
2025-11-25,3857.78,3766.01,3053.68,102.44,126.33
2025-11-26,3960.87,3778.94,3061.22,104.81,129.39
2025-11-27,3986.91,3791.79,3068.74,105.15,129.92
2025-11-28,3926.59,3802.41,3075.83,103.27,127.66
2025-12-01,3920.37,3812.67,3082.75,102.82,127.17
2025-12-02,3994.93,3823.58,3090.11,104.48,129.28
2025-12-03,4036.3,3836.04,3097.69,105.22,130.3
2025-12-04,4028.51,3847.38,3105.14,104.71,129.74
2025-12-05,4100.05,3860.48,3112.89,106.21,131.71
2025-12-08,4154.85,3874.2,3120.75,107.24,133.14
2025-12-09,4143.55,3887.35,3128.52,106.59,132.44
2025-12-10,4135.0,3900.61,3136.14,106.01,131.85
2025-12-11,4110.62,3913.4,3143.56,105.04,130.76
2025-12-12,4167.16,3929.02,3151.04,106.06,132.25
2025-12-15,4090.59,3942.21,3158.22,103.76,129.52
2025-12-16,3999.13,3953.7,3164.94,101.15,126.36
2025-12-17,4056.41,3965.71,3172.0,102.29,127.88
2025-12-18,3994.51,3974.62,3178.82,100.5,125.66
2025-12-19,4020.55,3982.81,3185.72,100.95,126.21
2025-12-22,4105.93,3993.24,3193.14,102.82,128.59
2025-12-23,4117.32,4004.35,3201.06,102.82,128.62
2025-12-24,4108.62,4013.38,3208.96,102.37,128.04
2025-12-26,4129.68,4021.01,3216.81,102.7,128.38
2025-12-29,4220.56,4030.44,3225.04,104.72,130.87
2025-12-30,4214.17,4038.43,3233.29,104.35,130.34
2026-01-02,4309.63,4048.14,3241.99,106.46,132.93
2026-01-05,4457.52,4059.62,3251.59,109.8,137.09
2026-01-06,4525.48,4073.22,3261.34,111.1,138.76
2026-01-07,4551.06,4085.41,3271.23,111.4,139.12
2026-01-08,4552.37,4095.6,3281.16,111.15,138.74
2026-01-09,4586.32,4107.12,3291.03,111.67,139.36
2026-01-12,4624.79,4117.99,3301.1,112.31,140.1
2026-01-13,4692.64,4130.11,3311.42,113.62,141.71
2026-01-14,4723.1,4142.42,3321.85,114.02,142.18
2026-01-15,4797.55,4153.93,3332.62,115.49,143.96
2026-01-16,4840.74,4168.31,3343.66,116.13,144.77
2026-01-19,4904.66,4186.32,3355.11,117.16,146.18
2026-01-20,4885.75,4203.5,3366.32,116.23,145.14
2026-01-21,4909.93,4222.63,3377.83,116.28,145.36
2026-01-22,4952.53,4240.21,3389.8,116.8,146.1
2026-01-23,4990.07,4257.88,3402.35,117.2,146.67
2026-01-26,4949.59,4273.87,3414.49,115.81,144.96
2026-01-27,5084.85,4292.15,3427.38,118.47,148.36
2026-01-28,5170.81,4315.34,3440.8,119.82,150.28
2026-01-29,5221.25,4337.98,3454.58,120.36,151.14
2026-01-30,5224.36,4363.39,3469.06,119.73,150.6
2026-02-02,4949.67,4383.8,3482.14,112.91,142.14
2026-02-03,5288.08,4409.46,3497.11,119.93,151.21
2026-02-04,5371.1,4439.82,3511.74,120.98,152.95
2026-02-05,5163.57,4466.17,3525.4,115.62,146.47
2026-02-06,5089.14,4490.79,3538.56,113.32,143.82
2026-02-09,5298.04,4517.54,3552.67,117.28,149.13
2026-02-10,5301.69,4543.83,3566.94,116.68,148.63
2026-02-11,5354.49,4572.39,3581.36,117.1,149.51
2026-02-12,5522.27,4604.43,3596.55,119.93,153.54
2026-02-13,5507.01,4634.67,3611.65,118.82,152.48
2026-02-19,5677.25,4667.49,3627.6,121.63,156.5
2026-02-20,5808.53,4703.09,3644.01,123.5,159.4
2026-02-23,5846.09,4738.01,3660.63,123.39,159.7
2026-02-24,5969.64,4774.31,3677.75,125.04,162.32
2026-02-25,6083.86,4813.11,3695.42,126.4,164.63
2026-02-26,6307.27,4856.56,3714.13,129.87,169.82
2026-02-27,6244.13,4899.23,3732.57,127.45,167.29
2026-03-03,5791.91,4931.72,3748.73,117.44,154.5
2026-03-04,5093.54,4951.78,3761.33,102.86,135.42
2026-03-05,5583.9,4983.48,3776.35,112.05,147.87
2026-03-06,5584.87,5014.05,3791.39,111.38,147.3
2026-03-09,5251.87,5039.2,3804.61,104.22,138.04
2026-03-10,5532.59,5069.44,3819.23,109.14,144.86
2026-03-11,5609.95,5099.52,3834.08,110.01,146.32
2026-03-12,5583.25,5128.83,3848.89,108.86,145.06
2026-03-13,5487.24,5156.41,3863.19,106.42,142.04
2026-03-16,5549.85,5184.81,3877.92,107.04,143.11
2026-03-17,5640.48,5213.21,3893.12,108.2,144.88
2026-03-18,5925.03,5247.43,3909.61,112.91,151.55
2026-03-19,5763.22,5276.5,3925.46,109.22,146.82
2026-03-20,5781.2,5302.97,3941.41,109.02,146.68
2026-03-23,5405.75,5320.58,3955.21,101.6,136.67
2026-03-24,5553.92,5340.63,3969.8,103.99,139.9
2026-03-25,5642.21,5362.43,3984.66,105.22,141.6
2026-03-26,5460.46,5379.91,3998.36,101.5,136.57
2026-03-27,5438.87,5396.2,4012.06,100.79,135.56
2026-03-30,5277.3,5407.89,4024.96,97.59,131.11
2026-03-31,5052.46,5414.48,4036.36,93.31,125.17
2026-04-01,5478.7,5428.1,4049.7,100.93,135.29
2026-04-02,5234.05,5435.96,4061.59,96.29,128.87
2026-04-03,5377.3,5445.42,4074.12,98.75,131.99
2026-04-06,5450.33,5456.71,4086.83,99.88,133.36
2026-04-07,5494.78,5468.41,4099.71,100.48,134.03
2026-04-08,5872.34,5486.8,4114.59,107.03,142.72
2026-04-09,5778.01,5502.56,4128.75,105.01,139.95
2026-04-10,5858.87,5520.75,4143.29,106.12,141.41
2026-04-13,5808.62,5535.22,4157.48,104.94,139.71
2026-04-14,5967.75,5551.16,4172.43,107.5,143.03
2026-04-15,6091.39,5568.56,4187.77,109.39,145.46
2026-04-16,6226.05,5588.6,4203.83,111.41,148.1
2026-04-17,6191.92,5613.44,4219.27,110.31,146.75
2026-04-20,6219.09,5632.06,4234.83,110.42,146.86
2026-04-21,6388.47,5652.41,4251.37,113.02,150.27
2026-04-22,6417.93,5677.5,4268.18,113.04,150.37
2026-04-23,6475.81,5705.23,4285.2,113.51,151.12
2026-04-24,6475.63,5728.78,4302.13,113.04,150.52
2026-04-27,6615.03,5755.05,4319.83,114.94,153.13
2026-04-28,6641.02,5780.78,4337.46,114.88,153.11
2026-04-29,6690.9,5804.15,4355.64,115.28,153.61
2026-04-30,6598.87,5825.99,4373.34,113.27,150.89
2026-05-04,6936.99,5851.18,4392.45,118.56,157.93
2026-05-06,7384.56,5882.71,4413.7,125.53,167.31
2026-05-07,7490.05,5915.58,4435.23,126.62,168.88
2026-05-08,7498.0,5946.15,4456.85,126.1,168.24
2026-05-11,7822.24,5980.92,4479.95,130.79,174.61
2026-05-12,7643.15,6007.64,4502.09,127.22,169.77
2026-05-13,7844.01,6039.63,4525.37,129.88,173.33
2026-05-14,7981.41,6083.42,4549.32,131.2,175.44
2026-05-15,7493.18,6131.42,4570.85,122.21,163.93
2026-05-18,7516.04,6170.06,4592.37,121.81,163.66
2026-05-19,7271.66,6203.8,4612.88,117.21,157.64
2026-05-20,7208.95,6242.94,4633.01,115.47,155.6
2026-05-21,7815.59,6288.6,4656.13,124.28,167.86
2026-05-22,7847.71,6333.35,4679.39,123.91,167.71
2026-05-26,8047.51,6382.64,4703.58,126.08,171.09
2026-05-27,8228.7,6437.47,4728.57,127.83,174.02
2026-05-28,8185.29,6490.18,4753.22,126.12,172.21
2026-05-29,8476.15,6546.89,4779.38,129.47,177.35
2026-06-01,8788.38,6604.16,4807.72,133.07,182.8
2026-06-02,8801.49,6664.92,4835.99,132.06,182.0
2026-06-04,8639.41,6722.09,4863.2,128.52,177.65
2026-06-05,8160.59,6777.18,4888.01,120.41,166.95
2026-06-08,7484.41,6815.79,4909.29,109.81,152.45
2026-06-09,8096.93,6864.89,4933.73,117.95,164.11
2026-06-10,7730.82,6910.29,4956.35,111.87,155.98
2026-06-11,7763.95,6956.8,4979.22,111.6,155.93
2026-06-12,8123.62,7013.72,5003.72,115.82,162.35
2026-06-15,8545.98,7083.59,5030.32,120.64,169.89
2026-06-16,8726.6,7148.55,5058.06,122.08,172.53
2026-06-17,8864.24,7221.15,5086.63,122.75,174.27
2026-06-18,9063.84,7294.89,5116.3,124.25,177.16
2026-06-19,9052.42,7366.93,5145.85,122.88,175.92
2026-06-22,9114.55,7439.32,5175.58,122.52,176.11
2026-06-23,8203.84,7485.95,5200.55,109.59,157.75
2026-06-24,8471.02,7539.81,5227.01,112.35,162.06
2026-06-25,8930.3,7601.24,5255.72,117.48,169.92
2026-06-26,8411.21,7653.29,5281.8,109.9,159.25
2026-06-29,8394.65,7701.83,5307.84,109.0,158.16
2026-06-30,8476.48,7749.53,5334.51,109.38,158.9
2026-07-01,8303.41,7791.08,5360.16,106.58,154.91
2026-07-02,7648.09,7820.2,5382.48,97.8,142.09
2026-07-03,8088.34,7857.59,5406.92,102.94,149.59
2026-07-06,8051.33,7890.85,5431.15,102.03,148.24
2026-07-07,7656.31,7915.61,5453.33,96.72,140.4
2026-07-08,7246.79,7931.03,5473.27,91.37,132.4
2026-07-09,7291.91,7947.36,5493.15,91.75,132.75
2026-07-10,7475.94,7964.58,5513.81,93.86,135.59
2026-07-13,6806.93,7967.89,5530.87,85.43,123.07
2026-07-14,6856.83,7971.21,5548.12,86.02,123.59
2026-07-15,7284.41,7984.92,5567.29,91.23,130.84
2026-07-16,6820.6,7982.6,5584.33,85.44,122.14
2026-07-20,6516.27,7965.23,5599.6,81.81,116.37
2026-07-21,6747.95,7950.39,5616.12,84.88,120.15
2026-07-22,6797.7,7936.38,5632.76,85.65,120.68
2026-07-23,7096.89,7921.88,5650.81,89.59,125.59
2026-07-24,6690.62,7902.82,5666.91,84.66,118.06
2026-07-27,6755.75,7881.06,5683.33,85.72,118.87
2026-07-28,6023.66,7841.9,5696.52,76.81,105.74
2026-07-29,5663.24,7805.31,5707.68,72.56,99.22
2026-07-30,5593.56,7766.86,5718.52,72.02,97.81
2026-07-31,6595.45,7753.33,5734.22,85.07,115.02
2026-08-03,6257.45,7734.3,5747.76,80.91,108.87
2026-08-04,6358.95,7705.17,5761.5,82.53,110.37
2026-08-05,6598.26,7680.18,5776.57,85.91,114.22
